productId,locationId,onHand,reserved,available
685d0f59256c21d3a81297f0,6a8e0ea5377be2a9c1f008cc,0,0,0
685d1849256c21d3a812984a,6a8e0ea5377be2a9c1f008cc,0,0,0
685d1b44256c21d3a8129878,6a8e0ea5377be2a9c1f008cc,0,0,0
685d1b90256c21d3a812987c,6a8e0ea5377be2a9c1f008cc,0,0,0
685d1be9256c21d3a8129880,6a8e0ea5377be2a9c1f008cc,0,0,0
685d1c37256c21d3a8129884,6a8e0ea5377be2a9c1f008cc,0,0,0
685d1cbb256c21d3a812988f,6a8e0ea5377be2a9c1f008cc,0,0,0
685d1d27256c21d3a8129893,6a8e0ea5377be2a9c1f008cc,0,0,0
685d1d98256c21d3a812989c,6a8e0ea5377be2a9c1f008cc,0,0,0
685d1dd1256c21d3a81298a0,6a8e0ea5377be2a9c1f008cc,0,0,0
685d245b256c21d3a8129954,6a8e0ea5377be2a9c1f008cc,0,0,0
685d2559256c21d3a8129958,6a8e0ea5377be2a9c1f008cc,0,0,0
685d2650256c21d3a812995c,6a8e0ea5377be2a9c1f008cc,0,0,0
685d26f4256c21d3a8129965,6a8e0ea5377be2a9c1f008cc,0,0,0
685d2742256c21d3a8129969,6a8e0ea5377be2a9c1f008cc,0,0,0
685d27b7256c21d3a812996d,6a8e0ea5377be2a9c1f008cc,0,0,0
685d28ad256c21d3a812997a,6a8e0ea5377be2a9c1f008cc,0,0,0
685d2a86256c21d3a812997e,6a8e0ea5377be2a9c1f008cc,0,0,0
685d2afb256c21d3a8129982,6a8e0ea5377be2a9c1f008cc,0,0,0
685d2b65256c21d3a8129990,6a8e0ea5377be2a9c1f008cc,0,0,0
685d30b4256c21d3a8129994,6a8e0ea5377be2a9c1f008cc,4,0,4
685d327d256c21d3a81299a5,6a8e0ea5377be2a9c1f008cc,3,0,3
685d32a8256c21d3a81299a9,6a8e0ea5377be2a9c1f008cc,2,0,2
685d3306256c21d3a81299b2,6a8e0ea5377be2a9c1f008cc,1,0,1
685d3352256c21d3a81299b6,6a8e0ea5377be2a9c1f008cc,3,0,3
685d337e256c21d3a81299ba,6a8e0ea5377be2a9c1f008cc,2,0,2
685d33a5256c21d3a81299be,6a8e0ea5377be2a9c1f008cc,2,0,2
685d3414256c21d3a81299c2,6a8e0ea5377be2a9c1f008cc,0,0,0
685d3553256c21d3a81299cf,6a8e0ea5377be2a9c1f008cc,0,0,0
685d360f256c21d3a81299dc,6a8e0ea5377be2a9c1f008cc,0,0,0
685d368a256c21d3a81299e0,6a8e0ea5377be2a9c1f008cc,0,0,0
685d36df256c21d3a81299e4,6a8e0ea5377be2a9c1f008cc,0,0,0
685d3742256c21d3a81299e8,6a8e0ea5377be2a9c1f008cc,0,0,0
685d3b73256c21d3a8129a10,6a8e0ea5377be2a9c1f008cc,0,0,0
685d3ba8256c21d3a8129a14,6a8e0ea5377be2a9c1f008cc,0,0,0
685d3c5b256c21d3a8129a1c,6a8e0ea5377be2a9c1f008cc,0,0,0
685d3caa256c21d3a8129a20,6a8e0ea5377be2a9c1f008cc,0,0,0
685d3dc6256c21d3a8129a24,6a8e0ea5377be2a9c1f008cc,0,0,0
685d3e70256c21d3a8129a2d,6a8e0ea5377be2a9c1f008cc,0,0,0
685d3eff256c21d3a8129a31,6a8e0ea5377be2a9c1f008cc,0,0,0
685d4067256c21d3a8129a3a,6a8e0ea5377be2a9c1f008cc,0,0,0
685d40ee256c21d3a8129a3e,6a8e0ea5377be2a9c1f008cc,0,0,0
685d4149256c21d3a8129a42,6a8e0ea5377be2a9c1f008cc,0,0,0
685d41b0256c21d3a8129a4b,6a8e0ea5377be2a9c1f008cc,0,0,0
685d4214256c21d3a8129a4f,6a8e0ea5377be2a9c1f008cc,2,0,2
685d4ad4256c21d3a8129a7a,6a8e0ea5377be2a9c1f008cc,3,0,3
685d4d60256c21d3a8129a7e,6a8e0ea5377be2a9c1f008cc,0,0,0
685d5b33256c21d3a8129aa4,6a8e0ea5377be2a9c1f008cc,0,0,0
685d5bbb256c21d3a8129aa8,6a8e0ea5377be2a9c1f008cc,0,0,0
685d5de2256c21d3a8129aba,6a8e0ea5377be2a9c1f008cc,0,0,0
685d5edf256c21d3a8129ac7,6a8e0ea5377be2a9c1f008cc,3,0,3
685d697d256c21d3a8129ae6,6a8e0ea5377be2a9c1f008cc,0,0,0
685d6ae2256c21d3a8129aee,6a8e0ea5377be2a9c1f008cc,0,0,0
685d6e46256c21d3a8129b04,6a8e0ea5377be2a9c1f008cc,5,0,5
685d6ea5256c21d3a8129b08,6a8e0ea5377be2a9c1f008cc,2,0,2
685d6f93256c21d3a8129b10,6a8e0ea5377be2a9c1f008cc,0,0,0
685d6fe2256c21d3a8129b14,6a8e0ea5377be2a9c1f008cc,0,0,0
685d704d256c21d3a8129b18,6a8e0ea5377be2a9c1f008cc,0,0,0
685d710b256c21d3a8129b20,6a8e0ea5377be2a9c1f008cc,0,0,0
685d747e256c21d3a8129b2f,6a8e0ea5377be2a9c1f008cc,0,0,0
685d75b3256c21d3a8129b38,6a8e0ea5377be2a9c1f008cc,0,0,0
685d7667256c21d3a8129b3c,6a8e0ea5377be2a9c1f008cc,0,0,0
685e6d02256c21d3a8129bb0,6a8e0ea5377be2a9c1f008cc,0,0,0
685e6d99256c21d3a8129bb9,6a8e0ea5377be2a9c1f008cc,0,0,0
685e6df3256c21d3a8129bbd,6a8e0ea5377be2a9c1f008cc,0,0,0
685e6e3d256c21d3a8129bc1,6a8e0ea5377be2a9c1f008cc,0,0,0
685e6e9d256c21d3a8129bc5,6a8e0ea5377be2a9c1f008cc,0,0,0
685e75ab256c21d3a8129bd7,6a8e0ea5377be2a9c1f008cc,1,0,1
685e7601256c21d3a8129be0,6a8e0ea5377be2a9c1f008cc,0,0,0
685e7b03256c21d3a8129bec,6a8e0ea5377be2a9c1f008cc,0,0,0
685e7b8a256c21d3a8129bf5,6a8e0ea5377be2a9c1f008cc,0,0,0
685e7c0b256c21d3a8129bf9,6a8e0ea5377be2a9c1f008cc,0,0,0
685ecea9256c21d3a8129c9c,6a8e0ea5377be2a9c1f008cc,0,0,0
6862b014390e7ff6b98931ec,6a8e0ea5377be2a9c1f008cc,0,0,0
6862b096390e7ff6b98931f0,6a8e0ea5377be2a9c1f008cc,0,0,0
6862b0f3390e7ff6b98931f4,6a8e0ea5377be2a9c1f008cc,0,0,0
6862b40d390e7ff6b9893205,6a8e0ea5377be2a9c1f008cc,0,0,0
6862b465390e7ff6b9893209,6a8e0ea5377be2a9c1f008cc,0,0,0
6862b582390e7ff6b989320d,6a8e0ea5377be2a9c1f008cc,0,0,0
6862b645390e7ff6b9893211,6a8e0ea5377be2a9c1f008cc,0,0,0
6862b6de390e7ff6b9893217,6a8e0ea5377be2a9c1f008cc,0,0,0
6862b97c390e7ff6b9893223,6a8e0ea5377be2a9c1f008cc,0,0,0
686bc64081cd6dddeba7481b,6a8e0ea5377be2a9c1f008cc,0,0,0
686bc77c81cd6dddeba74898,6a8e0ea5377be2a9c1f008cc,0,0,0
686bc90c81cd6dddeba748a0,6a8e0ea5377be2a9c1f008cc,0,0,0
686bd09081cd6dddeba748ed,6a8e0ea5377be2a9c1f008cc,0,0,0
686bd28581cd6dddeba74975,6a8e0ea5377be2a9c1f008cc,0,0,0
686bf36b81cd6dddeba74ca9,6a8e0ea5377be2a9c1f008cc,0,0,0
686d4b7081cd6dddeba74ee6,6a8e0ea5377be2a9c1f008cc,0,0,0
686d4bad81cd6dddeba74eea,6a8e0ea5377be2a9c1f008cc,0,0,0
686d4c3781cd6dddeba74eee,6a8e0ea5377be2a9c1f008cc,0,0,0
686d50ef81cd6dddeba74f26,6a8e0ea5377be2a9c1f008cc,0,0,0
686d511281cd6dddeba74f2a,6a8e0ea5377be2a9c1f008cc,2,0,2
686d51fd81cd6dddeba74f2e,6a8e0ea5377be2a9c1f008cc,0,0,0
686e3bc181cd6dddeba751b6,6a8e0ea5377be2a9c1f008cc,3,0,3
686e803381cd6dddeba7540e,6a8e0ea5377be2a9c1f008cc,0,0,0
686e8fb581cd6dddeba754de,6a8e0ea5377be2a9c1f008cc,0,0,0
686e9fd574ccf0d3f6872c40,6a8e0ea5377be2a9c1f008cc,0,0,0
686fbae3b1762773c8218c9c,6a8e0ea5377be2a9c1f008cc,1,0,1
686fbb19b1762773c8218ca0,6a8e0ea5377be2a9c1f008cc,0,0,0
68726f3ea6899f122c78dec8,6a8e0ea5377be2a9c1f008cc,0,0,0
6875373e1c69f33f2959b547,6a8e0ea5377be2a9c1f008cc,0,0,0
6877bdc91c69f33f2959b9ed,6a8e0ea5377be2a9c1f008cc,0,0,0
6877d84df323a09272090929,6a8e0ea5377be2a9c1f008cc,1,0,1
6878f9ccf323a09272090c00,6a8e0ea5377be2a9c1f008cc,1,0,1
6878fa8ff323a09272090c40,6a8e0ea5377be2a9c1f008cc,0,0,0
68792b1d216871a95fd8d017,6a8e0ea5377be2a9c1f008cc,0,0,0
687a7ac7384c6ac357001c51,6a8e0ea5377be2a9c1f008cc,0,0,0
687a7b65384c6ac357001c55,6a8e0ea5377be2a9c1f008cc,0,0,0
687a7dc5384c6ac357001c9e,6a8e0ea5377be2a9c1f008cc,1,0,1
687b8b2b384c6ac357001f0d,6a8e0ea5377be2a9c1f008cc,0,0,0
687d6ad2384c6ac3570025b9,6a8e0ea5377be2a9c1f008cc,0,0,0
687e41fe1adb9bce13d61469,6a8e0ea5377be2a9c1f008cc,1,0,1
688157486cf430064e559ee9,6a8e0ea5377be2a9c1f008cc,0,0,0
688157e76cf430064e559f07,6a8e0ea5377be2a9c1f008cc,0,0,0
688267539fbdb8b4a9dbe8d4,6a8e0ea5377be2a9c1f008cc,0,0,0
688509539fbdb8b4a9dbf8c9,6a8e0ea5377be2a9c1f008cc,0,0,0
68b07dcf9fb478f70b6f41d5,6a8e0ea5377be2a9c1f008cc,0,0,0
68b07e439fb478f70b6f4201,6a8e0ea5377be2a9c1f008cc,1,0,1
68b43009960fdcb362faeafa,6a8e0ea5377be2a9c1f008cc,0,0,0
68b5c56b960fdcb362faf285,6a8e0ea5377be2a9c1f008cc,0,0,0
68b6c1f9960fdcb362faf33a,6a8e0ea5377be2a9c1f008cc,0,0,0
68b719ae960fdcb362faf6b4,6a8e0ea5377be2a9c1f008cc,0,0,0
68b719f2960fdcb362faf6bd,6a8e0ea5377be2a9c1f008cc,2,0,2
68b72003960fdcb362faf7d6,6a8e0ea5377be2a9c1f008cc,0,0,0
68b87154960fdcb362faf919,6a8e0ea5377be2a9c1f008cc,1,0,1
68b9badc960fdcb362fafa67,6a8e0ea5377be2a9c1f008cc,0,0,0
68baf46c960fdcb362fb01db,6a8e0ea5377be2a9c1f008cc,2,0,2
68bc6099617af0ef5cc03edc,6a8e0ea5377be2a9c1f008cc,0,0,0
68bc65c4617af0ef5cc03fee,6a8e0ea5377be2a9c1f008cc,0,0,0
68bd6dbefa3bec404edb4753,6a8e0ea5377be2a9c1f008cc,0,0,0
68c04641ef09966871e73afb,6a8e0ea5377be2a9c1f008cc,0,0,0
68c43f063c5ba2e2711fa04d,6a8e0ea5377be2a9c1f008cc,0,0,0
68c59b5fff82d083a0d99f27,6a8e0ea5377be2a9c1f008cc,0,0,0
68c6810eff82d083a0d9a540,6a8e0ea5377be2a9c1f008cc,0,0,0
68c6a9d138898bef2f878334,6a8e0ea5377be2a9c1f008cc,0,0,0
68ced8b5dad56a3df64b007c,6a8e0ea5377be2a9c1f008cc,0,0,0
68cff25ea7a635171cd7cb2f,6a8e0ea5377be2a9c1f008cc,0,0,0
68d16fdaa7a635171cd7cd07,6a8e0ea5377be2a9c1f008cc,0,0,0
68d2b1415f6944c77e3fdee5,6a8e0ea5377be2a9c1f008cc,0,0,0
68d55e7def10efeafb6a3b1c,6a8e0ea5377be2a9c1f008cc,0,0,0
68d6b588ef10efeafb6a3e85,6a8e0ea5377be2a9c1f008cc,1,0,1
68d80ec7540656e8757d1968,6a8e0ea5377be2a9c1f008cc,0,0,0
68d9221a5ae0c25df4c727f7,6a8e0ea5377be2a9c1f008cc,0,0,0
68da99af5ae0c25df4c72f46,6a8e0ea5377be2a9c1f008cc,0,0,0
68dbabea5ae0c25df4c731e3,6a8e0ea5377be2a9c1f008cc,0,0,0
68dbad6c5ae0c25df4c731fb,6a8e0ea5377be2a9c1f008cc,0,0,0
68dbb1985ae0c25df4c7328c,6a8e0ea5377be2a9c1f008cc,0,0,0
68dbff626543711f2a2ab9b8,6a8e0ea5377be2a9c1f008cc,0,0,0
68dbffa26543711f2a2ab9bc,6a8e0ea5377be2a9c1f008cc,1,0,1
68deae1c52c212279b65873e,6a8e0ea5377be2a9c1f008cc,0,0,0
68e1443810bfd255c4b5f592,6a8e0ea5377be2a9c1f008cc,0,0,0
68e25ee4e8d17c42888d2ada,6a8e0ea5377be2a9c1f008cc,0,0,0
68e3f8fd76db6b3931870a42,6a8e0ea5377be2a9c1f008cc,0,0,0
68ea7da7b3dd9322e3ead364,6a8e0ea5377be2a9c1f008cc,0,0,0
68ea81d8b3dd9322e3ead424,6a8e0ea5377be2a9c1f008cc,0,0,0
68eb97104a0f7402188fff3e,6a8e0ea5377be2a9c1f008cc,0,0,0
68ecdd74f18bb42ae74164ca,6a8e0ea5377be2a9c1f008cc,0,0,0
68ed1ef70d2cd13132125d0a,6a8e0ea5377be2a9c1f008cc,0,0,0
68ee6056e29d0775e4207e60,6a8e0ea5377be2a9c1f008cc,0,0,0
68ee60abe29d0775e4207e67,6a8e0ea5377be2a9c1f008cc,0,0,0
68ee61ace29d0775e4207e6e,6a8e0ea5377be2a9c1f008cc,0,0,0
68ee62ebe29d0775e4207e7c,6a8e0ea5377be2a9c1f008cc,0,0,0
68ee632fe29d0775e4207e83,6a8e0ea5377be2a9c1f008cc,0,0,0
68ee6405e29d0775e4207e8a,6a8e0ea5377be2a9c1f008cc,0,0,0
68ee6596e29d0775e4207ea2,6a8e0ea5377be2a9c1f008cc,0,0,0
68ee6621e29d0775e4207ec8,6a8e0ea5377be2a9c1f008cc,0,0,0
68ee673ce29d0775e4207ecf,6a8e0ea5377be2a9c1f008cc,0,0,0
68ee6dadf21bcda45923d41b,6a8e0ea5377be2a9c1f008cc,0,0,0
68ee7041f21bcda45923d422,6a8e0ea5377be2a9c1f008cc,0,0,0
68ee70d7f21bcda45923d429,6a8e0ea5377be2a9c1f008cc,0,0,0
68ee713cf21bcda45923d430,6a8e0ea5377be2a9c1f008cc,0,0,0
68ee7198f21bcda45923d437,6a8e0ea5377be2a9c1f008cc,0,0,0
68ee7237f21bcda45923d43e,6a8e0ea5377be2a9c1f008cc,0,0,0
68ee7283f21bcda45923d445,6a8e0ea5377be2a9c1f008cc,4,0,4
68ee72daf21bcda45923d44c,6a8e0ea5377be2a9c1f008cc,0,0,0
68ef91adaebe8dd2673c1df3,6a8e0ea5377be2a9c1f008cc,1,0,1
68ef91d8aebe8dd2673c1dfa,6a8e0ea5377be2a9c1f008cc,1,0,1
68ef923caebe8dd2673c1e01,6a8e0ea5377be2a9c1f008cc,0,0,0
68efaf633274a6cd2fa24c4b,6a8e0ea5377be2a9c1f008cc,0,0,0
68f0d4777bbca7bd41c4a1de,6a8e0ea5377be2a9c1f008cc,2,0,2
68f0d7987bbca7bd41c4a1fc,6a8e0ea5377be2a9c1f008cc,0,0,0
68f0d8387bbca7bd41c4a20f,6a8e0ea5377be2a9c1f008cc,0,0,0
68f0daf67bbca7bd41c4a221,6a8e0ea5377be2a9c1f008cc,0,0,0
68f0db7a7bbca7bd41c4a228,6a8e0ea5377be2a9c1f008cc,0,0,0
68f0df562807b20c644c756b,6a8e0ea5377be2a9c1f008cc,1,0,1
68f0e01a2807b20c644c7572,6a8e0ea5377be2a9c1f008cc,0,0,0
68f0e0c42807b20c644c7579,6a8e0ea5377be2a9c1f008cc,0,0,0
68f0e14e2807b20c644c7580,6a8e0ea5377be2a9c1f008cc,0,0,0
68f0e23d2807b20c644c7587,6a8e0ea5377be2a9c1f008cc,0,0,0
68f0e2bf2807b20c644c758e,6a8e0ea5377be2a9c1f008cc,0,0,0
68f0e3f12807b20c644c759c,6a8e0ea5377be2a9c1f008cc,0,0,0
68f0eb822dc64640dd156adf,6a8e0ea5377be2a9c1f008cc,0,0,0
68f0ebfe2dc64640dd156ae6,6a8e0ea5377be2a9c1f008cc,0,0,0
68f0ed7b2dc64640dd156b0a,6a8e0ea5377be2a9c1f008cc,0,0,0
68f0fdf2702d87396fe7a340,6a8e0ea5377be2a9c1f008cc,0,0,0
68f0fef4702d87396fe7a353,6a8e0ea5377be2a9c1f008cc,0,0,0
68f101f8702d87396fe7a364,6a8e0ea5377be2a9c1f008cc,0,0,0
68f10376702d87396fe7a36b,6a8e0ea5377be2a9c1f008cc,1,0,1
68f104ae702d87396fe7a372,6a8e0ea5377be2a9c1f008cc,0,0,0
68f10bd3f0cbf1a8e3473f68,6a8e0ea5377be2a9c1f008cc,0,0,0
68f10c1bf0cbf1a8e3473f6f,6a8e0ea5377be2a9c1f008cc,0,0,0
68f10cb2f0cbf1a8e3473f76,6a8e0ea5377be2a9c1f008cc,0,0,0
68f10d00f0cbf1a8e3473f7d,6a8e0ea5377be2a9c1f008cc,0,0,0
68f10d85f0cbf1a8e3473f84,6a8e0ea5377be2a9c1f008cc,0,0,0
68f10deef0cbf1a8e3473f96,6a8e0ea5377be2a9c1f008cc,0,0,0
68f10e1af0cbf1a8e3473f9d,6a8e0ea5377be2a9c1f008cc,0,0,0
68f10e4af0cbf1a8e3473fa4,6a8e0ea5377be2a9c1f008cc,0,0,0
68f10e9df0cbf1a8e3473fab,6a8e0ea5377be2a9c1f008cc,0,0,0
68f10ef1f0cbf1a8e3473fb2,6a8e0ea5377be2a9c1f008cc,0,0,0
68f10f44f0cbf1a8e3473fb9,6a8e0ea5377be2a9c1f008cc,0,0,0
68f10f9cf0cbf1a8e3473fc0,6a8e0ea5377be2a9c1f008cc,0,0,0
68f10fe5f0cbf1a8e3473fc7,6a8e0ea5377be2a9c1f008cc,0,0,0
68f1102ff0cbf1a8e3473fce,6a8e0ea5377be2a9c1f008cc,0,0,0
68f1112cf0cbf1a8e3473fd5,6a8e0ea5377be2a9c1f008cc,0,0,0
68f111b0f0cbf1a8e3473fdc,6a8e0ea5377be2a9c1f008cc,0,0,0
68f1126af0cbf1a8e3473fe3,6a8e0ea5377be2a9c1f008cc,0,0,0
68f11338f0cbf1a8e3474004,6a8e0ea5377be2a9c1f008cc,0,0,0
68f11600f0cbf1a8e347400b,6a8e0ea5377be2a9c1f008cc,0,0,0
68f20f59bcbef62bf7de5bc6,6a8e0ea5377be2a9c1f008cc,0,0,0
68f20fb1bcbef62bf7de5bcd,6a8e0ea5377be2a9c1f008cc,0,0,0
68f21025bcbef62bf7de5bd4,6a8e0ea5377be2a9c1f008cc,2,0,2
68f2155a70e65600390a4afe,6a8e0ea5377be2a9c1f008cc,0,0,0
68f215cc70e65600390a4b12,6a8e0ea5377be2a9c1f008cc,0,0,0
68f2160670e65600390a4b19,6a8e0ea5377be2a9c1f008cc,0,0,0
68f2165170e65600390a4b20,6a8e0ea5377be2a9c1f008cc,2,0,2
68f2169170e65600390a4b27,6a8e0ea5377be2a9c1f008cc,1,0,1
68f216c170e65600390a4b2e,6a8e0ea5377be2a9c1f008cc,1,0,1
68f216f470e65600390a4b35,6a8e0ea5377be2a9c1f008cc,0,0,0
68f2173e70e65600390a4b3c,6a8e0ea5377be2a9c1f008cc,1,0,1
68f2183070e65600390a4b43,6a8e0ea5377be2a9c1f008cc,1,0,1
68f218f870e65600390a4b4a,6a8e0ea5377be2a9c1f008cc,0,0,0
68f219bc70e65600390a4b51,6a8e0ea5377be2a9c1f008cc,0,0,0
68f21b2670e65600390a4b64,6a8e0ea5377be2a9c1f008cc,1,0,1
68f21b8870e65600390a4b6b,6a8e0ea5377be2a9c1f008cc,0,0,0
68f21be570e65600390a4b72,6a8e0ea5377be2a9c1f008cc,0,0,0
68f21c1770e65600390a4b79,6a8e0ea5377be2a9c1f008cc,0,0,0
68f21c8770e65600390a4b80,6a8e0ea5377be2a9c1f008cc,0,0,0
68f21cfc70e65600390a4b87,6a8e0ea5377be2a9c1f008cc,0,0,0
68f21d4d70e65600390a4b8e,6a8e0ea5377be2a9c1f008cc,0,0,0
68f21e4170e65600390a4ba5,6a8e0ea5377be2a9c1f008cc,0,0,0
68f21ede70e65600390a4bac,6a8e0ea5377be2a9c1f008cc,0,0,0
68f2203970e65600390a4bc3,6a8e0ea5377be2a9c1f008cc,1,0,1
68f2208170e65600390a4bca,6a8e0ea5377be2a9c1f008cc,1,0,1
68f220c970e65600390a4bd1,6a8e0ea5377be2a9c1f008cc,0,0,0
68f2211c70e65600390a4be2,6a8e0ea5377be2a9c1f008cc,0,0,0
68f2217b70e65600390a4be9,6a8e0ea5377be2a9c1f008cc,0,0,0
68f221c770e65600390a4bf0,6a8e0ea5377be2a9c1f008cc,4,0,4
68f221eb70e65600390a4bf7,6a8e0ea5377be2a9c1f008cc,5,0,5
68f2226870e65600390a4bfe,6a8e0ea5377be2a9c1f008cc,0,0,0
68f242aae336643ac2b7fc04,6a8e0ea5377be2a9c1f008cc,0,0,0
68f24337e336643ac2b7fc0b,6a8e0ea5377be2a9c1f008cc,1,0,1
68f24379e336643ac2b7fc12,6a8e0ea5377be2a9c1f008cc,0,0,0
68f243c4e336643ac2b7fc19,6a8e0ea5377be2a9c1f008cc,0,0,0
68f24425e336643ac2b7fc20,6a8e0ea5377be2a9c1f008cc,0,0,0
68f24570e336643ac2b7fc35,6a8e0ea5377be2a9c1f008cc,0,0,0
68f245bce336643ac2b7fc3c,6a8e0ea5377be2a9c1f008cc,0,0,0
68f245f1e336643ac2b7fc43,6a8e0ea5377be2a9c1f008cc,0,0,0
68f2467be336643ac2b7fc51,6a8e0ea5377be2a9c1f008cc,1,0,1
68f246a7e336643ac2b7fc58,6a8e0ea5377be2a9c1f008cc,0,0,0
68f246e9e336643ac2b7fc5f,6a8e0ea5377be2a9c1f008cc,0,0,0
68f2471de336643ac2b7fc66,6a8e0ea5377be2a9c1f008cc,0,0,0
68f2476ee336643ac2b7fc6d,6a8e0ea5377be2a9c1f008cc,0,0,0
68f247b0e336643ac2b7fc74,6a8e0ea5377be2a9c1f008cc,0,0,0
68f247f2e336643ac2b7fc7b,6a8e0ea5377be2a9c1f008cc,22,0,22
68f3c36405fa945f33c78439,6a8e0ea5377be2a9c1f008cc,0,0,0
68f4d0e3496a0e6573c6aa0c,6a8e0ea5377be2a9c1f008cc,0,0,0
68f7bb1c0606e65c8064809b,6a8e0ea5377be2a9c1f008cc,1,0,1
68fbad6525e7548607e159a5,6a8e0ea5377be2a9c1f008cc,1,0,1
68fe045d6be181c79a89e611,6a8e0ea5377be2a9c1f008cc,0,0,0
6901ccbc1d26753b411fbfe5,6a8e0ea5377be2a9c1f008cc,3,0,3
6901d3b81fdbf30a874dce7f,6a8e0ea5377be2a9c1f008cc,0,0,0
6901d4311fdbf30a874dce8b,6a8e0ea5377be2a9c1f008cc,0,0,0
6901d49b1fdbf30a874dce97,6a8e0ea5377be2a9c1f008cc,0,0,0
6901d4f41fdbf30a874dcea3,6a8e0ea5377be2a9c1f008cc,0,0,0
6901d5a91fdbf30a874dceaf,6a8e0ea5377be2a9c1f008cc,0,0,0
6901d62d1fdbf30a874dcec8,6a8e0ea5377be2a9c1f008cc,0,0,0
69076481eece001dd3581aed,6a8e0ea5377be2a9c1f008cc,0,0,0
690766bfeece001dd3581dea,6a8e0ea5377be2a9c1f008cc,0,0,0
690a03e90dd92c6423f5da6c,6a8e0ea5377be2a9c1f008cc,1,0,1
690caa290f99526581a4cba9,6a8e0ea5377be2a9c1f008cc,0,0,0
690e21410afd813afa30817e,6a8e0ea5377be2a9c1f008cc,0,0,0
690f6c767d895eb68b908ff4,6a8e0ea5377be2a9c1f008cc,0,0,0
69132a8295a9d67cada76df2,6a8e0ea5377be2a9c1f008cc,0,0,0
6915bcfa912d807fe40b128b,6a8e0ea5377be2a9c1f008cc,1,0,1
691891549651df26317b619c,6a8e0ea5377be2a9c1f008cc,0,0,0
6919cd9b1d5a5b85704ea3bb,6a8e0ea5377be2a9c1f008cc,0,0,0
6919cedc1d5a5b85704ea509,6a8e0ea5377be2a9c1f008cc,0,0,0
691db8756a852ed18f00f743,6a8e0ea5377be2a9c1f008cc,2,0,2
6922f85969e4ada548c62569,6a8e0ea5377be2a9c1f008cc,2,0,2
69230500f75e3f1ce988aa63,6a8e0ea5377be2a9c1f008cc,0,0,0
69230560f75e3f1ce988aac7,6a8e0ea5377be2a9c1f008cc,0,0,0
69248dd3e8ecf1ec6b890ce7,6a8e0ea5377be2a9c1f008cc,0,0,0
69285bc8bb8eae6edb31db6a,6a8e0ea5377be2a9c1f008cc,0,0,0
692c4a75c7e071b3c0405ccd,6a8e0ea5377be2a9c1f008cc,0,0,0
692da175d599c9aa29cb37df,6a8e0ea5377be2a9c1f008cc,0,0,0
692db0710257f19b15370f0b,6a8e0ea5377be2a9c1f008cc,0,0,0
692f1cceb455ee6605e98f42,6a8e0ea5377be2a9c1f008cc,0,0,0
693fdb321757d359dc909896,6a8e0ea5377be2a9c1f008cc,0,0,0
69431e4d370d3684b55a5a76,6a8e0ea5377be2a9c1f008cc,0,0,0
69431eb8370d3684b55a5a8b,6a8e0ea5377be2a9c1f008cc,0,0,0
69431fa4370d3684b55a5ace,6a8e0ea5377be2a9c1f008cc,0,0,0
69431fde370d3684b55a5adc,6a8e0ea5377be2a9c1f008cc,0,0,0
69432014370d3684b55a5aea,6a8e0ea5377be2a9c1f008cc,0,0,0
6943205b370d3684b55a5af8,6a8e0ea5377be2a9c1f008cc,0,0,0
69432089370d3684b55a5b06,6a8e0ea5377be2a9c1f008cc,1,0,1
694320cb370d3684b55a5b14,6a8e0ea5377be2a9c1f008cc,0,0,0
69432136370d3684b55a5b22,6a8e0ea5377be2a9c1f008cc,0,0,0
6943216a370d3684b55a5b30,6a8e0ea5377be2a9c1f008cc,0,0,0
69432318370d3684b55a5b7e,6a8e0ea5377be2a9c1f008cc,0,0,0
69432347370d3684b55a5b8c,6a8e0ea5377be2a9c1f008cc,0,0,0
694323fe370d3684b55a5bbb,6a8e0ea5377be2a9c1f008cc,0,0,0
6943243a370d3684b55a5bc9,6a8e0ea5377be2a9c1f008cc,0,0,0
6943249b370d3684b55a5be4,6a8e0ea5377be2a9c1f008cc,0,0,0
694324fa370d3684b55a5bf2,6a8e0ea5377be2a9c1f008cc,0,0,0
694325ae370d3684b55a5c12,6a8e0ea5377be2a9c1f008cc,0,0,0
69432611370d3684b55a5c20,6a8e0ea5377be2a9c1f008cc,0,0,0
69432669370d3684b55a5c2e,6a8e0ea5377be2a9c1f008cc,0,0,0
6943269d370d3684b55a5c3c,6a8e0ea5377be2a9c1f008cc,1,0,1
694326db370d3684b55a5c4a,6a8e0ea5377be2a9c1f008cc,0,0,0
69432705370d3684b55a5c58,6a8e0ea5377be2a9c1f008cc,0,0,0
69432a55370d3684b55a5cb1,6a8e0ea5377be2a9c1f008cc,0,0,0
69432ba3370d3684b55a5d17,6a8e0ea5377be2a9c1f008cc,0,0,0
69432bec370d3684b55a5d25,6a8e0ea5377be2a9c1f008cc,0,0,0
69432c36370d3684b55a5d33,6a8e0ea5377be2a9c1f008cc,0,0,0
69432c6e370d3684b55a5d41,6a8e0ea5377be2a9c1f008cc,0,0,0
69432ce1370d3684b55a5d4f,6a8e0ea5377be2a9c1f008cc,0,0,0
69432d35370d3684b55a5d5d,6a8e0ea5377be2a9c1f008cc,0,0,0
69432d6b370d3684b55a5d6b,6a8e0ea5377be2a9c1f008cc,0,0,0
69432dac370d3684b55a5d79,6a8e0ea5377be2a9c1f008cc,0,0,0
69432e32370d3684b55a5d96,6a8e0ea5377be2a9c1f008cc,10,0,10
69432e70370d3684b55a5da4,6a8e0ea5377be2a9c1f008cc,0,0,0
69432eed370d3684b55a5db2,6a8e0ea5377be2a9c1f008cc,0,0,0
69433219370d3684b55a5dc0,6a8e0ea5377be2a9c1f008cc,0,0,0
69433265370d3684b55a5dce,6a8e0ea5377be2a9c1f008cc,2,0,2
6943331d370d3684b55a5ddc,6a8e0ea5377be2a9c1f008cc,0,0,0
6943336b370d3684b55a5dea,6a8e0ea5377be2a9c1f008cc,0,0,0
694333d2370d3684b55a5df8,6a8e0ea5377be2a9c1f008cc,1,0,1
69433487370d3684b55a5e0d,6a8e0ea5377be2a9c1f008cc,0,0,0
694334d6370d3684b55a5e1b,6a8e0ea5377be2a9c1f008cc,2,0,2
69433516370d3684b55a5e29,6a8e0ea5377be2a9c1f008cc,0,0,0
6943354d370d3684b55a5e49,6a8e0ea5377be2a9c1f008cc,0,0,0
694335bd370d3684b55a5e57,6a8e0ea5377be2a9c1f008cc,0,0,0
6943dd743bb56c1790b50ab8,6a8e0ea5377be2a9c1f008cc,0,0,0
6943ddb33bb56c1790b50ac6,6a8e0ea5377be2a9c1f008cc,0,0,0
6943de3d3bb56c1790b50ae5,6a8e0ea5377be2a9c1f008cc,1,0,1
6943ded43bb56c1790b50af3,6a8e0ea5377be2a9c1f008cc,0,0,0
6943df0d3bb56c1790b50b01,6a8e0ea5377be2a9c1f008cc,9,0,9
6943df743bb56c1790b50b0f,6a8e0ea5377be2a9c1f008cc,0,0,0
6943dfc33bb56c1790b50b1d,6a8e0ea5377be2a9c1f008cc,0,0,0
6943e0553bb56c1790b50b2b,6a8e0ea5377be2a9c1f008cc,0,0,0
6943e0f33bb56c1790b50b39,6a8e0ea5377be2a9c1f008cc,0,0,0
6943e2cc3bb56c1790b50b47,6a8e0ea5377be2a9c1f008cc,0,0,0
6943e3593bb56c1790b50b55,6a8e0ea5377be2a9c1f008cc,0,0,0
6943e3a83bb56c1790b50b63,6a8e0ea5377be2a9c1f008cc,0,0,0
6943e4063bb56c1790b50b71,6a8e0ea5377be2a9c1f008cc,0,0,0
6943e4473bb56c1790b50b7f,6a8e0ea5377be2a9c1f008cc,0,0,0
6943e4b13bb56c1790b50b8d,6a8e0ea5377be2a9c1f008cc,0,0,0
6943e4f13bb56c1790b50b9b,6a8e0ea5377be2a9c1f008cc,1,0,1
6943e58f3bb56c1790b50ba9,6a8e0ea5377be2a9c1f008cc,0,0,0
6943e6e03bb56c1790b50bec,6a8e0ea5377be2a9c1f008cc,0,0,0
6943e78a3bb56c1790b50c09,6a8e0ea5377be2a9c1f008cc,0,0,0
6943e7cc3bb56c1790b50c17,6a8e0ea5377be2a9c1f008cc,0,0,0
6943e9183bb56c1790b50c4c,6a8e0ea5377be2a9c1f008cc,3,0,3
6943e9683bb56c1790b50c5a,6a8e0ea5377be2a9c1f008cc,3,0,3
6943e9b33bb56c1790b50c68,6a8e0ea5377be2a9c1f008cc,2,0,2
6943eb373bb56c1790b50c88,6a8e0ea5377be2a9c1f008cc,5,0,5
6943eca33bb56c1790b50ca9,6a8e0ea5377be2a9c1f008cc,0,0,0
6943ed293bb56c1790b50cb7,6a8e0ea5377be2a9c1f008cc,0,0,0
6943ed513bb56c1790b50cc5,6a8e0ea5377be2a9c1f008cc,2,0,2
6943efa63bb56c1790b50d4e,6a8e0ea5377be2a9c1f008cc,1,0,1
6943f03f3bb56c1790b50d7f,6a8e0ea5377be2a9c1f008cc,0,0,0
6943f06d3bb56c1790b50d8d,6a8e0ea5377be2a9c1f008cc,0,0,0
6943f0ce3bb56c1790b50d9b,6a8e0ea5377be2a9c1f008cc,0,0,0
6943f0fc3bb56c1790b50da9,6a8e0ea5377be2a9c1f008cc,0,0,0
6943f15b3bb56c1790b50db7,6a8e0ea5377be2a9c1f008cc,0,0,0
6943f2103bb56c1790b50dec,6a8e0ea5377be2a9c1f008cc,0,0,0
6943f23d3bb56c1790b50dfa,6a8e0ea5377be2a9c1f008cc,6,0,6
6943f2a13bb56c1790b50e08,6a8e0ea5377be2a9c1f008cc,0,0,0
6943f2c23bb56c1790b50e16,6a8e0ea5377be2a9c1f008cc,4,0,4
6943f3123bb56c1790b50e24,6a8e0ea5377be2a9c1f008cc,8,0,8
6950283747a4302f96a26423,6a8e0ea5377be2a9c1f008cc,0,0,0
695be5cd97d5efc9730b2739,6a8e0ea5377be2a9c1f008cc,0,0,0
695fbcbec90505800bd81dde,6a8e0ea5377be2a9c1f008cc,0,0,0
696127a885b6f44aca945939,6a8e0ea5377be2a9c1f008cc,0,0,0
696e3adcca78533e1984baf9,6a8e0ea5377be2a9c1f008cc,0,0,0
696e3b7eca78533e1984bb09,6a8e0ea5377be2a9c1f008cc,2,0,2
69b5697772d46c2b3a86ae9a,6a8e0ea5377be2a9c1f008cc,0,0,0
69b569f172d46c2b3a86aeae,6a8e0ea5377be2a9c1f008cc,3,0,3
69b56aec72d46c2b3a86af02,6a8e0ea5377be2a9c1f008cc,0,0,0
69b58a8071f78bc3246788e4,6a8e0ea5377be2a9c1f008cc,1,0,1
69ba8cb2ea600f85c4d9f75b,6a8e0ea5377be2a9c1f008cc,0,0,0
69ba8da6ea600f85c4d9f783,6a8e0ea5377be2a9c1f008cc,0,0,0
69ba8f4aea600f85c4d9fb44,6a8e0ea5377be2a9c1f008cc,0,0,0
69ba8f82ea600f85c4d9fb58,6a8e0ea5377be2a9c1f008cc,4,0,4
69ba9012ea600f85c4d9fb6c,6a8e0ea5377be2a9c1f008cc,0,0,0
69ba926fea600f85c4d9fb80,6a8e0ea5377be2a9c1f008cc,1,0,1
69bab2fe2b8cba2ecf9f5210,6a8e0ea5377be2a9c1f008cc,0,0,0
69bab3882b8cba2ecf9f5226,6a8e0ea5377be2a9c1f008cc,0,0,0
69bab5392b8cba2ecf9f540c,6a8e0ea5377be2a9c1f008cc,0,0,0
69baba092b8cba2ecf9f5a49,6a8e0ea5377be2a9c1f008cc,19,0,19
69bad39c4128ba9016417103,6a8e0ea5377be2a9c1f008cc,24,0,24
69bc1d489e0daa6f187527ae,6a8e0ea5377be2a9c1f008cc,0,0,0
69bec80989eeddc8c9b1ff9c,6a8e0ea5377be2a9c1f008cc,0,0,0
69bec85f89eeddc8c9b1ffb2,6a8e0ea5377be2a9c1f008cc,1,0,1
69bfd592ea7c690ea1783d0f,6a8e0ea5377be2a9c1f008cc,2,0,2
69bfd5dbea7c690ea1783d25,6a8e0ea5377be2a9c1f008cc,0,0,0
69bfd62eea7c690ea1783d3b,6a8e0ea5377be2a9c1f008cc,4,0,4
69bfd6e6ea7c690ea1783e6c,6a8e0ea5377be2a9c1f008cc,1,0,1
69bfd726ea7c690ea1783e82,6a8e0ea5377be2a9c1f008cc,0,0,0
69c16ba09616cf2acddab459,6a8e0ea5377be2a9c1f008cc,0,0,0
69c16c519616cf2acddab47f,6a8e0ea5377be2a9c1f008cc,0,0,0
69c2c540b9d694d5c4e8e3a6,6a8e0ea5377be2a9c1f008cc,0,0,0
69c3bf05ad81e05157d96dc1,6a8e0ea5377be2a9c1f008cc,0,0,0
69c3bf90ad81e05157d96dee,6a8e0ea5377be2a9c1f008cc,0,0,0
69c3c2e0ad81e05157d96e04,6a8e0ea5377be2a9c1f008cc,0,0,0
69c3c330ad81e05157d96e1a,6a8e0ea5377be2a9c1f008cc,1,0,1
69c3c3f5ad81e05157d96e30,6a8e0ea5377be2a9c1f008cc,4,0,4
69c3e251a54b2cc3c42f6c3e,6a8e0ea5377be2a9c1f008cc,0,0,0
69c3e2c5a54b2cc3c42f6c54,6a8e0ea5377be2a9c1f008cc,0,0,0
69c3e31da54b2cc3c42f6c6a,6a8e0ea5377be2a9c1f008cc,0,0,0
69c3e366a54b2cc3c42f6c80,6a8e0ea5377be2a9c1f008cc,0,0,0
69c3e3c2a54b2cc3c42f6c96,6a8e0ea5377be2a9c1f008cc,2,0,2
69c3e53da54b2cc3c42f6cc2,6a8e0ea5377be2a9c1f008cc,0,0,0
69c3f36f2ba6ad02f1b4e606,6a8e0ea5377be2a9c1f008cc,0,0,0
69c400fe115934431ac1fbdd,6a8e0ea5377be2a9c1f008cc,0,0,0
69c40fba4f44afee44c2e625,6a8e0ea5377be2a9c1f008cc,0,0,0
69c4125d4f44afee44c2e63b,6a8e0ea5377be2a9c1f008cc,0,0,0
69c412d54f44afee44c2e651,6a8e0ea5377be2a9c1f008cc,0,0,0
69c413394f44afee44c2e667,6a8e0ea5377be2a9c1f008cc,0,0,0
69c413c44f44afee44c2e67d,6a8e0ea5377be2a9c1f008cc,0,0,0
69c456561f9afba307370386,6a8e0ea5377be2a9c1f008cc,0,0,0
69c459a51f9afba30737039c,6a8e0ea5377be2a9c1f008cc,0,0,0
69c45cb41f9afba3073703e0,6a8e0ea5377be2a9c1f008cc,2,0,2
69c45d1b1f9afba3073703f6,6a8e0ea5377be2a9c1f008cc,0,0,0
69c505a815f14a3ce5f5ad21,6a8e0ea5377be2a9c1f008cc,0,0,0
69c5066d15f14a3ce5f5ad37,6a8e0ea5377be2a9c1f008cc,1,0,1
69c5085315f14a3ce5f5ad4d,6a8e0ea5377be2a9c1f008cc,0,0,0
69c5089a15f14a3ce5f5ad63,6a8e0ea5377be2a9c1f008cc,1,0,1
69c509a815f14a3ce5f5ad79,6a8e0ea5377be2a9c1f008cc,0,0,0
69c50a9315f14a3ce5f5ad8f,6a8e0ea5377be2a9c1f008cc,0,0,0
69c50cba15f14a3ce5f5ae25,6a8e0ea5377be2a9c1f008cc,0,0,0
69c50d4f15f14a3ce5f5ae3b,6a8e0ea5377be2a9c1f008cc,0,0,0
69c50e5e15f14a3ce5f5ae51,6a8e0ea5377be2a9c1f008cc,0,0,0
69c50ef315f14a3ce5f5ae67,6a8e0ea5377be2a9c1f008cc,0,0,0
69c50f3515f14a3ce5f5ae7d,6a8e0ea5377be2a9c1f008cc,0,0,0
69c50f7815f14a3ce5f5ae93,6a8e0ea5377be2a9c1f008cc,2,0,2
69c50fd915f14a3ce5f5aea9,6a8e0ea5377be2a9c1f008cc,0,0,0
69c5102b15f14a3ce5f5aebf,6a8e0ea5377be2a9c1f008cc,1,0,1
69c5112f15f14a3ce5f5aed5,6a8e0ea5377be2a9c1f008cc,0,0,0
69c5129115f14a3ce5f5af17,6a8e0ea5377be2a9c1f008cc,0,0,0
69c51bd9c518b479c7988094,6a8e0ea5377be2a9c1f008cc,0,0,0
69c51c8fc518b479c79880b0,6a8e0ea5377be2a9c1f008cc,0,0,0
69c51d43c518b479c79880c6,6a8e0ea5377be2a9c1f008cc,2,0,2
69c51deac518b479c79880f8,6a8e0ea5377be2a9c1f008cc,4,0,4
69c51e55c518b479c7988163,6a8e0ea5377be2a9c1f008cc,0,0,0
69c51f21c518b479c7988179,6a8e0ea5377be2a9c1f008cc,0,0,0
69c51fbec518b479c79881a6,6a8e0ea5377be2a9c1f008cc,5,0,5
69c52017c518b479c79881bc,6a8e0ea5377be2a9c1f008cc,4,0,4
69c520d0c518b479c79881dc,6a8e0ea5377be2a9c1f008cc,0,0,0
69c67a46ae2d3b622a1a31cd,6a8e0ea5377be2a9c1f008cc,0,0,0
69c67ab9ae2d3b622a1a31e3,6a8e0ea5377be2a9c1f008cc,1,0,1
69c67b68ae2d3b622a1a3219,6a8e0ea5377be2a9c1f008cc,0,0,0
69c67c0cae2d3b622a1a322f,6a8e0ea5377be2a9c1f008cc,1,0,1
69c67c93ae2d3b622a1a327d,6a8e0ea5377be2a9c1f008cc,1,0,1
69c67cfaae2d3b622a1a3293,6a8e0ea5377be2a9c1f008cc,0,0,0
69c67d6cae2d3b622a1a32a9,6a8e0ea5377be2a9c1f008cc,0,0,0
69c67e24ae2d3b622a1a32bf,6a8e0ea5377be2a9c1f008cc,0,0,0
69d2beb666cacd45c8911844,6a8e0ea5377be2a9c1f008cc,4,0,4
6a2ac0c2d17d782b4b79ff7d,6a8e0ea5377be2a9c1f008cc,5,0,5
6a2c3debde154e25b16068a2,6a8e0ea5377be2a9c1f008cc,0,0,0
6a2e75e0dbe06612209e38bf,6a8e0ea5377be2a9c1f008cc,8,0,8
6a2e75e1dbe06612209e38c6,6a8e0ea5377be2a9c1f008cc,1,0,1
6a2e75e1dbe06612209e38c9,6a8e0ea5377be2a9c1f008cc,2,0,2
6a2e75e1dbe06612209e38cc,6a8e0ea5377be2a9c1f008cc,1,0,1
6a2e75e1dbe06612209e38cf,6a8e0ea5377be2a9c1f008cc,1,0,1
6a2e75e2dbe06612209e38d2,6a8e0ea5377be2a9c1f008cc,0,0,0
6a2e75e2dbe06612209e38d5,6a8e0ea5377be2a9c1f008cc,0,0,0
6a2e75e2dbe06612209e38d8,6a8e0ea5377be2a9c1f008cc,0,0,0
6a2e75e3dbe06612209e38db,6a8e0ea5377be2a9c1f008cc,0,0,0
6a2e75e3dbe06612209e38de,6a8e0ea5377be2a9c1f008cc,2,0,2
6a2e75e3dbe06612209e38e1,6a8e0ea5377be2a9c1f008cc,3,0,3
6a2e75e3dbe06612209e38e4,6a8e0ea5377be2a9c1f008cc,3,0,3
6a2e75e3dbe06612209e38e7,6a8e0ea5377be2a9c1f008cc,2,0,2
6a2e75e3dbe06612209e38ea,6a8e0ea5377be2a9c1f008cc,0,0,0
6a2e75e3dbe06612209e38ed,6a8e0ea5377be2a9c1f008cc,1,0,1
6a2e75e4dbe06612209e38f0,6a8e0ea5377be2a9c1f008cc,0,0,0
6a2e75e4dbe06612209e38f3,6a8e0ea5377be2a9c1f008cc,4,0,4
6a2e75e4dbe06612209e38f6,6a8e0ea5377be2a9c1f008cc,2,0,2
6a2e75e5dbe06612209e38f9,6a8e0ea5377be2a9c1f008cc,2,0,2
6a2e75e5dbe06612209e38fc,6a8e0ea5377be2a9c1f008cc,2,0,2
6a2e75e5dbe06612209e38ff,6a8e0ea5377be2a9c1f008cc,0,0,0
6a2e75e5dbe06612209e3902,6a8e0ea5377be2a9c1f008cc,0,0,0
6a2e75e6dbe06612209e3905,6a8e0ea5377be2a9c1f008cc,2,0,2
6a2e75e6dbe06612209e3908,6a8e0ea5377be2a9c1f008cc,1,0,1
6a2e75e6dbe06612209e390b,6a8e0ea5377be2a9c1f008cc,0,0,0
6a2e75e6dbe06612209e390e,6a8e0ea5377be2a9c1f008cc,0,0,0
6a2e75e6dbe06612209e3911,6a8e0ea5377be2a9c1f008cc,0,0,0
6a2e75e7dbe06612209e3914,6a8e0ea5377be2a9c1f008cc,2,0,2
6a2e75e7dbe06612209e3917,6a8e0ea5377be2a9c1f008cc,1,0,1
6a2e75e7dbe06612209e391a,6a8e0ea5377be2a9c1f008cc,2,0,2
6a2e75e8dbe06612209e391d,6a8e0ea5377be2a9c1f008cc,0,0,0
6a2e75e8dbe06612209e3920,6a8e0ea5377be2a9c1f008cc,0,0,0
6a2e75e8dbe06612209e3923,6a8e0ea5377be2a9c1f008cc,1,0,1
6a2e75e8dbe06612209e3926,6a8e0ea5377be2a9c1f008cc,0,0,0
6a2e75e8dbe06612209e3929,6a8e0ea5377be2a9c1f008cc,0,0,0
6a2e75e9dbe06612209e392c,6a8e0ea5377be2a9c1f008cc,0,0,0
6a2e75eadbe06612209e392f,6a8e0ea5377be2a9c1f008cc,0,0,0
6a2e75eadbe06612209e3932,6a8e0ea5377be2a9c1f008cc,0,0,0
6a2e75eadbe06612209e3935,6a8e0ea5377be2a9c1f008cc,0,0,0
6a2e75eadbe06612209e3938,6a8e0ea5377be2a9c1f008cc,0,0,0
6a2e75ebdbe06612209e393b,6a8e0ea5377be2a9c1f008cc,0,0,0
6a2e75ebdbe06612209e393e,6a8e0ea5377be2a9c1f008cc,3,0,3
6a2e75ebdbe06612209e3941,6a8e0ea5377be2a9c1f008cc,0,0,0
6a2e75ecdbe06612209e3944,6a8e0ea5377be2a9c1f008cc,1,0,1
6a2e75ecdbe06612209e3947,6a8e0ea5377be2a9c1f008cc,1,0,1
6a2e75ecdbe06612209e394a,6a8e0ea5377be2a9c1f008cc,0,0,0
6a2e75ecdbe06612209e394d,6a8e0ea5377be2a9c1f008cc,2,0,2
6a2e75eddbe06612209e3950,6a8e0ea5377be2a9c1f008cc,3,0,3
6a2e75eddbe06612209e3953,6a8e0ea5377be2a9c1f008cc,0,0,0
6a2e75eddbe06612209e3956,6a8e0ea5377be2a9c1f008cc,0,0,0
6a2e75eddbe06612209e3959,6a8e0ea5377be2a9c1f008cc,2,0,2
6a2e75eedbe06612209e395c,6a8e0ea5377be2a9c1f008cc,2,0,2
6a2e75eedbe06612209e395f,6a8e0ea5377be2a9c1f008cc,0,0,0
6a2e75eedbe06612209e3962,6a8e0ea5377be2a9c1f008cc,0,0,0
6a2e75eedbe06612209e3965,6a8e0ea5377be2a9c1f008cc,2,0,2
6a2e75eedbe06612209e3968,6a8e0ea5377be2a9c1f008cc,2,0,2
6a2e75efdbe06612209e396b,6a8e0ea5377be2a9c1f008cc,0,0,0
6a2e75efdbe06612209e396e,6a8e0ea5377be2a9c1f008cc,0,0,0
6a2e75efdbe06612209e3971,6a8e0ea5377be2a9c1f008cc,0,0,0
6a2e75f0dbe06612209e3974,6a8e0ea5377be2a9c1f008cc,0,0,0
6a2e75f0dbe06612209e3977,6a8e0ea5377be2a9c1f008cc,0,0,0
6a2e75f1dbe06612209e397a,6a8e0ea5377be2a9c1f008cc,1,0,1
6a2e75f1dbe06612209e397d,6a8e0ea5377be2a9c1f008cc,0,0,0
6a2e75f1dbe06612209e3980,6a8e0ea5377be2a9c1f008cc,0,0,0
6a2e75f1dbe06612209e3983,6a8e0ea5377be2a9c1f008cc,4,0,4
6a2e75f2dbe06612209e3986,6a8e0ea5377be2a9c1f008cc,2,0,2
6a2e75f2dbe06612209e3989,6a8e0ea5377be2a9c1f008cc,2,0,2
6a2e75f2dbe06612209e398c,6a8e0ea5377be2a9c1f008cc,0,0,0
6a2e75f2dbe06612209e398f,6a8e0ea5377be2a9c1f008cc,1,0,1
6a2e75f3dbe06612209e3992,6a8e0ea5377be2a9c1f008cc,1,0,1
6a2e75f3dbe06612209e3995,6a8e0ea5377be2a9c1f008cc,6,0,6
6a2e75f3dbe06612209e3998,6a8e0ea5377be2a9c1f008cc,0,0,0
6a2e75f4dbe06612209e399b,6a8e0ea5377be2a9c1f008cc,0,0,0
6a2e75f4dbe06612209e399e,6a8e0ea5377be2a9c1f008cc,4,0,4
6a2e75f4dbe06612209e39a1,6a8e0ea5377be2a9c1f008cc,2,0,2
6a2e75f4dbe06612209e39a4,6a8e0ea5377be2a9c1f008cc,1,0,1
6a2e75f5dbe06612209e39a7,6a8e0ea5377be2a9c1f008cc,0,0,0
6a2e75f5dbe06612209e39aa,6a8e0ea5377be2a9c1f008cc,0,0,0
6a2e75f5dbe06612209e39ad,6a8e0ea5377be2a9c1f008cc,0,0,0
6a2e75f5dbe06612209e39b0,6a8e0ea5377be2a9c1f008cc,0,0,0
6a2e75f6dbe06612209e39b3,6a8e0ea5377be2a9c1f008cc,0,0,0
6a2e75f6dbe06612209e39b6,6a8e0ea5377be2a9c1f008cc,0,0,0
6a2e75f6dbe06612209e39b9,6a8e0ea5377be2a9c1f008cc,0,0,0
6a2e75f6dbe06612209e39bc,6a8e0ea5377be2a9c1f008cc,3,0,3
6a2e75f6dbe06612209e39bf,6a8e0ea5377be2a9c1f008cc,5,0,5
6a2e75f6dbe06612209e39c2,6a8e0ea5377be2a9c1f008cc,28,0,28
6a2e75f7dbe06612209e39c5,6a8e0ea5377be2a9c1f008cc,20,0,20
6a2e75f7dbe06612209e39c8,6a8e0ea5377be2a9c1f008cc,11,0,11
6a2e75f7dbe06612209e39cb,6a8e0ea5377be2a9c1f008cc,0,0,0
6a2e75f7dbe06612209e39ce,6a8e0ea5377be2a9c1f008cc,2,0,2
6a2e75f7dbe06612209e39d1,6a8e0ea5377be2a9c1f008cc,4,0,4
6a2e75f7dbe06612209e39d4,6a8e0ea5377be2a9c1f008cc,4,0,4
6a2e75f7dbe06612209e39d7,6a8e0ea5377be2a9c1f008cc,0,0,0
6a2e75f8dbe06612209e39da,6a8e0ea5377be2a9c1f008cc,4,0,4
6a2e75f8dbe06612209e39dd,6a8e0ea5377be2a9c1f008cc,1,0,1
6a2e75f8dbe06612209e39e0,6a8e0ea5377be2a9c1f008cc,2,0,2
6a2e75f8dbe06612209e39e3,6a8e0ea5377be2a9c1f008cc,0,0,0
6a2e75f8dbe06612209e39e6,6a8e0ea5377be2a9c1f008cc,0,0,0
6a2e75f8dbe06612209e39e9,6a8e0ea5377be2a9c1f008cc,2,0,2
6a2e75f8dbe06612209e39ec,6a8e0ea5377be2a9c1f008cc,4,0,4
6a2e75f9dbe06612209e39ef,6a8e0ea5377be2a9c1f008cc,1,0,1
6a2e75f9dbe06612209e39f2,6a8e0ea5377be2a9c1f008cc,2,0,2
6a2e75f9dbe06612209e39f5,6a8e0ea5377be2a9c1f008cc,2,0,2
6a2e75f9dbe06612209e39f8,6a8e0ea5377be2a9c1f008cc,3,0,3
6a2e75f9dbe06612209e39fb,6a8e0ea5377be2a9c1f008cc,3,0,3
6a2e75f9dbe06612209e39fe,6a8e0ea5377be2a9c1f008cc,0,0,0
6a2e75fadbe06612209e3a01,6a8e0ea5377be2a9c1f008cc,0,0,0
6a2e75fadbe06612209e3a04,6a8e0ea5377be2a9c1f008cc,1,0,1
6a2e75fadbe06612209e3a07,6a8e0ea5377be2a9c1f008cc,1,0,1
6a2e75fadbe06612209e3a0a,6a8e0ea5377be2a9c1f008cc,2,0,2
6a2e75fadbe06612209e3a0d,6a8e0ea5377be2a9c1f008cc,2,0,2
6a2e75fadbe06612209e3a10,6a8e0ea5377be2a9c1f008cc,5,0,5
6a2e75fadbe06612209e3a13,6a8e0ea5377be2a9c1f008cc,1,0,1
6a2e75fadbe06612209e3a16,6a8e0ea5377be2a9c1f008cc,2,0,2
6a2e75fadbe06612209e3a19,6a8e0ea5377be2a9c1f008cc,7,0,7
6a2e75fbdbe06612209e3a1c,6a8e0ea5377be2a9c1f008cc,2,0,2
6a2e75fbdbe06612209e3a1f,6a8e0ea5377be2a9c1f008cc,0,0,0
6a2e75fbdbe06612209e3a22,6a8e0ea5377be2a9c1f008cc,5,0,5
6a2e75fbdbe06612209e3a25,6a8e0ea5377be2a9c1f008cc,14,0,14
6a2e75fbdbe06612209e3a28,6a8e0ea5377be2a9c1f008cc,1,0,1
6a2e75fbdbe06612209e3a2b,6a8e0ea5377be2a9c1f008cc,6,0,6
6a2e75fbdbe06612209e3a2e,6a8e0ea5377be2a9c1f008cc,3,0,3
6a2e75fcdbe06612209e3a31,6a8e0ea5377be2a9c1f008cc,3,0,3
6a2e75fddbe06612209e3a34,6a8e0ea5377be2a9c1f008cc,1,0,1
6a2e75fddbe06612209e3a37,6a8e0ea5377be2a9c1f008cc,1,0,1
6a2e75fedbe06612209e3a3a,6a8e0ea5377be2a9c1f008cc,1,0,1
6a2e75fedbe06612209e3a3d,6a8e0ea5377be2a9c1f008cc,0,0,0
6a2e75fedbe06612209e3a40,6a8e0ea5377be2a9c1f008cc,0,0,0
6a2e75fedbe06612209e3a43,6a8e0ea5377be2a9c1f008cc,3,0,3
6a2e75ffdbe06612209e3a46,6a8e0ea5377be2a9c1f008cc,5,0,5
6a2e75ffdbe06612209e3a49,6a8e0ea5377be2a9c1f008cc,3,0,3
6a2e75ffdbe06612209e3a4c,6a8e0ea5377be2a9c1f008cc,1,0,1
6a2e75ffdbe06612209e3a4f,6a8e0ea5377be2a9c1f008cc,2,0,2
6a2e7600dbe06612209e3a52,6a8e0ea5377be2a9c1f008cc,1,0,1
6a2e7600dbe06612209e3a55,6a8e0ea5377be2a9c1f008cc,5,0,5
6a2e7600dbe06612209e3a58,6a8e0ea5377be2a9c1f008cc,1,0,1
6a2e7600dbe06612209e3a5b,6a8e0ea5377be2a9c1f008cc,0,0,0
6a2e7600dbe06612209e3a5e,6a8e0ea5377be2a9c1f008cc,0,0,0
6a2e7600dbe06612209e3a61,6a8e0ea5377be2a9c1f008cc,9,0,9
6a2e7600dbe06612209e3a64,6a8e0ea5377be2a9c1f008cc,5,0,5
6a2e7601dbe06612209e3a67,6a8e0ea5377be2a9c1f008cc,5,0,5
6a2e7601dbe06612209e3a6a,6a8e0ea5377be2a9c1f008cc,0,0,0
6a2e7601dbe06612209e3a6d,6a8e0ea5377be2a9c1f008cc,6,0,6
6a32f7fec847986243086184,6a8e0ea5377be2a9c1f008cc,0,0,0
6a3400c7adf1d0819f6db0b9,6a8e0ea5377be2a9c1f008cc,1,0,1
6a340112adf1d0819f6db0ca,6a8e0ea5377be2a9c1f008cc,3,0,3
6a3d197030d24a73f499afdb,6a8e0ea5377be2a9c1f008cc,0,0,0
6a4f806b95ffc14f8533d81d,6a8e0ea5377be2a9c1f008cc,0,0,0
6a4fa6f998c32c8ba77f4e62,6a8e0ea5377be2a9c1f008cc,0,0,0
6a6225e56c16b58d6885d089,6a8e0ea5377be2a9c1f008cc,0,0,0
6a6a0da471a5919c2c2f09d4,6a8e0ea5377be2a9c1f008cc,0,0,0
6a82e4dca0568f7de2414485,6a8e0ea5377be2a9c1f008cc,3,0,3
6a96e1b013177b0cd8f53d26,6a8e0ea5377be2a9c1f008cc,2,0,2
